0.000000,0.000000,0.000000,149595999999.994080,29780.000000,0.000000,-149595999999.994080,29780.000000,0.000000,
0.000000,0.296555,0.000000,149584201154.430817,1878264558.810977,0.000000,-149584201154.430817,1878264558.810977,0.000000,
0.000000,2.372330,0.000000,149548807597.881042,3756203069.180216,0.000000,-149548807597.881042,3756203069.180216,0.000000,
0.000000,8.006236,0.000000,149489824903.350159,5633549093.849707,0.000000,-149489824903.350159,5633549093.849707,0.000000,
0.000000,18.976627,0.000000,149407262358.212219,7510006508.527727,0.000000,-149407262358.212219,7510006508.527727,0.000000,
0.000000,37.061019,0.000000,149301132962.758484,9385279328.355989,0.000000,-149301132962.758484,9385279328.355989,0.000000,
0.000000,64.035812,0.000000,149171453428.194092,11259071754.353514,0.000000,-149171453428.194092,11259071754.353514,0.000000,
0.000000,101.676012,0.000000,149018244174.004700,13131088219.833075,0.000000,-149018244174.004700,13131088219.833075,0.000000,
0.000000,151.754950,0.000000,148841529324.786804,15001033436.781647,0.000000,-148841529324.786804,15001033436.781647,0.000000,
0.000000,216.044005,0.000000,148641336706.499115,16868612442.198414,0.000000,-148641336706.499115,16868612442.198414,0.000000,
0.000000,296.312327,0.000000,148417697842.104004,18733530644.383160,0.000000,-148417697842.104004,18733530644.383160,0.000000,
0.000000,394.326559,0.000000,148170647946.685028,20595493869.164162,0.000000,-148170647946.685028,20595493869.164162,0.000000,
0.000000,511.850558,0.000000,147900225921.926331,22454208406.069176,0.000000,-147900225921.926331,22454208406.069176,0.000000,
0.000000,650.645120,0.000000,147606474350.074860,24309381054.415974,0.000000,-147606474350.074860,24309381054.415974,0.000000,
0.000000,812.467704,0.000000,147289439487.281250,26160719169.332932,0.000000,-147289439487.281250,26160719169.332932,0.000000,
0.000000,999.072154,0.000000,146949171256.415802,28007930707.688305,0.000000,-146949171256.415802,28007930707.688305,0.000000,
0.000000,1212.208426,0.000000,146585723239.276855,29850724273.930519,0.000000,-146585723239.276855,29850724273.930519,0.000000,
0.000000,1453.622311,0.000000,146199152668.235413,31688809165.826305,0.000000,-146199152668.235413,31688809165.826305,0.000000,
0.000000,1725.055164,0.000000,145789520417.313934,33521895420.093872,0.000000,-145789520417.313934,33521895420.093872,0.000000,
0.000000,2028.243627,0.000000,145356890992.702423,35349693857.922867,0.000000,-145356890992.702423,35349693857.922867,0.000000,
0.000000,2364.919361,0.000000,144901332522.707825,37171916130.373352,0.000000,-144901332522.707825,37171916130.373352,0.000000,
0.000000,2736.808769,0.000000,144422916747.123718,38988274763.644150,0.000000,-144422916747.123718,38988274763.644150,0.000000,
0.000000,3145.632727,0.000000,143921719006.055969,40798483204.212509,0.000000,-143921719006.055969,40798483204.212509,0.000000,
0.000000,3593.106317,0.000000,143397818228.174469,42602255863.827957,0.000000,-143397818228.174469,42602255863.827957,0.000000,
0.000000,4080.938552,0.000000,142851296918.395813,44399308164.355240,0.000000,-142851296918.395813,44399308164.355240,0.000000,
0.000000,4610.832111,0.000000,142282241145.049377,46189356582.472458,0.000000,-142282241145.049377,46189356582.472458,0.000000,
0.000000,5184.483073,0.000000,141690740526.424377,47972118694.191673,0.000000,-141690740526.424377,47972118694.191673,0.000000,
0.000000,5803.580645,0.000000,141076888216.814240,49747313219.225784,0.000000,-141076888216.814240,49747313219.225784,0.000000,
0.000000,6469.806904,0.000000,140440780891.992859,51514660065.167007,0.000000,-140440780891.992859,51514660065.167007,0.000000,
0.000000,7184.836527,0.000000,139782518734.127960,53273880371.489655,0.000000,-139782518734.127960,53273880371.489655,0.000000,
0.000000,7950.336529,0.000000,139102205416.166443,55024696553.362587,0.000000,-139102205416.166443,55024696553.362587,0.000000,
0.000000,8767.966005,0.000000,138399948085.657043,56766832345.262016,0.000000,-138399948085.657043,56766832345.262016,0.000000,
0.000000,9639.375863,0.000000,137675857348.044250,58500012844.385719,0.000000,-137675857348.044250,58500012844.385719,0.000000,
0.000000,10566.208571,0.000000,136930047249.424438,60223964553.850586,0.000000,-136930047249.424438,60223964553.850586,0.000000,
0.000000,11550.097892,0.000000,136162635258.730194,61938415425.684181,0.000000,-136162635258.730194,61938415425.684181,0.000000,
0.000000,12592.668635,0.000000,135373742249.431046,63643094903.580940,0.000000,-135373742249.431046,63643094903.580940,0.000000,
0.000000,13695.536392,0.000000,134563492480.667847,65337733965.441917,0.000000,-134563492480.667847,65337733965.441917,0.000000,
0.000000,14860.307289,0.000000,133732013577.854675,67022065165.662430,0.000000,-133732013577.854675,67022065165.662430,0.000000,
0.000000,16088.577731,0.000000,132879436512.777161,68695822677.195236,0.000000,-132879436512.777161,68695822677.195236,0.000000,
0.000000,17381.934154,0.000000,132005895583.153107,70358742333.346222,0.000000,-132005895583.153107,70358742333.346222,0.000000,
0.000000,18741.952772,0.000000,131111528391.671951,72010561669.328842,0.000000,-131111528391.671951,72010561669.328842,0.000000,
0.000000,20170.199329,0.000000,130196475824.509842,73651019963.544449,0.000000,-130196475824.509842,73651019963.544449,0.000000,
0.000000,21668.228855,0.000000,129260882029.361023,75279858278.600739,0.000000,-129260882029.361023,75279858278.600739,0.000000,
0.000000,23237.585423,0.000000,128304894392.914719,76896819502.059875,0.000000,-128304894392.914719,76896819502.059875,0.000000,
0.000000,24879.801899,0.000000,127328663517.862991,78501648386.893204,0.000000,-127328663517.862991,78501648386.893204,0.000000,
0.000000,26596.399708,0.000000,126332343199.375961,80094091591.651520,0.000000,-126332343199.375961,80094091591.651520,0.000000,
0.000000,28388.888591,0.000000,125316090401.091537,81673897720.354019,0.000000,-125316090401.091537,81673897720.354019,0.000000,
0.000000,30258.766368,0.000000,124280065230.612656,83240817362.060638,0.000000,-124280065230.612656,83240817362.060638,0.000000,
0.000000,32207.518701,0.000000,123224430914.495255,84794603130.141296,0.000000,-123224430914.495255,84794603130.141296,0.000000,
0.000000,34236.618864,0.000000,122149353772.757492,86335009701.242661,0.000000,-122149353772.757492,86335009701.242661,0.000000,
0.000000,36347.527505,0.000000,121055003192.901840,87861793853.926102,0.000000,-121055003192.901840,87861793853.926102,0.000000,
0.000000,38541.692421,0.000000,119941551603.452148,89374714506.987076,0.000000,-119941551603.452148,89374714506.987076,0.000000,
0.000000,40820.548327,0.000000,118809174447.021988,90873532757.438889,0.000000,-118809174447.021988,90873532757.438889,0.000000,
0.000000,43185.516630,0.000000,117658050152.894882,92358011918.167191,0.000000,-117658050152.894882,92358011918.167191,0.000000,
0.000000,45638.005208,0.000000,116488360109.142090,93827917555.229416,0.000000,-116488360109.142090,93827917555.229416,0.000000,
0.000000,48179.408183,0.000000,115300288634.284515,95283017524.823914,0.000000,-115300288634.284515,95283017524.823914,0.000000,
0.000000,50811.105706,0.000000,114094022948.479370,96723082009.889175,0.000000,-114094022948.479370,96723082009.889175,0.000000,
0.000000,53534.463736,0.000000,112869753144.250427,98147883556.354660,0.000000,-112869753144.250427,98147883556.354660,0.000000,
0.000000,56350.833827,0.000000,111627672156.778488,99557197109.014191,0.000000,-111627672156.778488,99557197109.014191,0.000000,
0.000000,59261.552912,0.000000,110367975733.734131,100950800047.048843,0.000000,-110367975733.734131,100950800047.048843,0.000000,
0.000000,62267.943095,0.000000,109090862404.666611,102328472219.139099,0.000000,-109090862404.666611,102328472219.139099,0.000000,
0.000000,65371.311439,0.000000,107796533449.964401,103689995978.239227,0.000000,-107796533449.964401,103689995978.239227,0.000000,
0.000000,68572.949763,0.000000,106485192869.357056,105035156215.920776,0.000000,-106485192869.357056,105035156215.920776,0.000000,
0.000000,71874.134437,0.000000,105157047350.028442,106363740396.353516,0.000000,-105157047350.028442,106363740396.353516,0.000000,
0.000000,75276.126178,0.000000,103812306234.263275,107675538589.877167,0.000000,-103812306234.263275,107675538589.877167,0.000000,
0.000000,78780.169853,0.000000,102451181486.703690,108970343506.169647,0.000000,-102451181486.703690,108970343506.169647,0.000000,
0.000000,82387.494283,0.000000,101073887661.170242,110247950527.002396,0.000000,-101073887661.170242,110247950527.002396,0.000000,
0.000000,86099.312048,0.000000,99680641867.097382,111508157738.588211,0.000000,-99680641867.097382,111508157738.588211,0.000000,
0.000000,89916.819292,0.000000,98271663735.541000,112750765963.504913,0.000000,-98271663735.541000,112750765963.504913,0.000000,
0.000000,93841.195541,0.000000,96847175384.792892,113975578792.208389,0.000000,-96847175384.792892,113975578792.208389,0.000000,
0.000000,97873.603508,0.000000,95407401385.615433,115182402614.093887,0.000000,-95407401385.615433,115182402614.093887,0.000000,
0.000000,102015.188916,0.000000,93952568726.069748,116371046648.137177,0.000000,-93952568726.069748,116371046648.137177,0.000000,
0.000000,106267.080313,0.000000,92482906775.964523,117541322973.096954,0.000000,-92482906775.964523,117541322973.096954,0.000000,
0.000000,110630.388893,0.000000,90998647250.936203,118693046557.269196,0.000000,-90998647250.936203,118693046557.269196,0.000000,
0.000000,115106.208323,0.000000,89500024176.142395,119826035287.798416,0.000000,-89500024176.142395,119826035287.798416,0.000000,
0.000000,119695.614566,0.000000,87987273849.596863,120940109999.525818,0.000000,-87987273849.596863,120940109999.525818,0.000000,
0.000000,124399.665714,0.000000,86460634805.140945,122035094503.395172,0.000000,-86460634805.140945,122035094503.395172,0.000000,
0.000000,129219.401816,0.000000,84920347775.060272,123110815614.369919,0.000000,-84920347775.060272,123110815614.369919,0.000000,
0.000000,134155.844719,0.000000,83366655652.340485,124167103178.922729,0.000000,-83366655652.340485,124167103178.922729,0.000000,
0.000000,139209.997899,0.000000,81799803452.600266,125203790102.012085,0.000000,-81799803452.600266,125203790102.012085,0.000000,
0.000000,144382.846307,0.000000,80220038275.653397,126220712373.619644,0.000000,-80220038275.653397,126220712373.619644,0.000000,
0.000000,149675.356212,0.000000,78627609266.772446,127217709094.773727,0.000000,-78627609266.772446,127217709094.773727,0.000000,
0.000000,155088.475042,0.000000,77022767577.596405,128194622503.120789,0.000000,-77022767577.596405,128194622503.120789,0.000000,
0.000000,160623.131243,0.000000,75405766326.730194,129151297997.985016,0.000000,-75405766326.730194,129151297997.985016,0.000000,
0.000000,166280.234123,0.000000,73776860560.021698,130087584164.953949,0.000000,-73776860560.021698,130087584164.953949,0.000000,
0.000000,172060.673710,0.000000,72136307210.537369,131003332799.944687,0.000000,-72136307210.537369,131003332799.944687,0.000000,
0.000000,177965.320613,0.000000,70484365058.221832,131898398932.804382,0.000000,-70484365058.221832,131898398932.804382,0.000000,
0.000000,183995.025881,0.000000,68821294689.266647,132772640850.363007,0.000000,-68821294689.266647,132772640850.363007,0.000000,
0.000000,190150.620866,0.000000,67147358455.184364,133625920119.024384,0.000000,-67147358455.184364,133625920119.024384,0.000000,
0.000000,196432.917095,0.000000,65462820431.593140,134458101606.807617,0.000000,-65462820431.593140,134458101606.807617,0.000000,
0.000000,202842.706136,0.000000,63767946376.722893,135269053504.901230,0.000000,-63767946376.722893,135269053504.901230,0.000000,
0.000000,209380.759474,0.000000,62063003689.642456,136058647348.675797,0.000000,-62063003689.642456,136058647348.675797,0.000000,
0.000000,216047.828388,0.000000,60348261368.220215,136826758038.205032,0.000000,-60348261368.220215,136826758038.205032,0.000000,
0.000000,222844.643831,0.000000,58623989966.812393,137573263858.222687,0.000000,-58623989966.812393,137573263858.222687,0.000000,
0.000000,229771.916311,0.000000,56890461553.703438,138298046497.584625,0.000000,-56890461553.703438,138298046497.584625,0.000000,
0.000000,236830.335782,0.000000,55147949668.277702,139000991068.178375,0.000000,-55147949668.277702,139000991068.178375,0.000000,
0.000000,244020.571528,0.000000,53396729277.950615,139681986123.313812,0.000000,-53396729277.950615,139681986123.313812,0.000000,
0.000000,251343.272062,0.000000,51637076734.848221,140340923675.558960,0.000000,-51637076734.848221,140340923675.558960,0.000000,
0.000000,258799.065014,0.000000,49869269732.246475,140977699214.053070,0.000000,-49869269732.246475,140977699214.053070,0.000000,
0.000000,266388.557039,0.000000,48093587260.764931,141592211721.256927,0.000000,-48093587260.764931,141592211721.256927,0.000000,
0.000000,274112.333715,0.000000,46310309564.329865,142184363689.176208,0.000000,-46310309564.329865,142184363689.176208,0.000000,
0.000000,281970.959448,0.000000,44519718095.885216,142754061135.024384,0.000000,-44519718095.885216,142754061135.024384,0.000000,
0.000000,289964.977385,0.000000,42722095472.879257,143301213616.324921,0.000000,-42722095472.879257,143301213616.324921,0.000000,
0.000000,298094.909322,0.000000,40917725432.488441,143825734245.484406,0.000000,-40917725432.488441,143825734245.484406,0.000000,
0.000000,306361.255625,0.000000,39106892786.597908,144327539703.783508,0.000000,-39106892786.597908,144327539703.783508,0.000000,
0.000000,314764.495144,0.000000,37289883376.509315,144806550254.824066,0.000000,-37289883376.509315,144806550254.824066,0.000000,
0.000000,323305.085141,0.000000,35466984027.360733,145262689757.413422,0.000000,-35466984027.360733,145262689757.413422,0.000000,
0.000000,331983.461211,0.000000,33638482502.225124,145695885677.872498,0.000000,-33638482502.225124,145695885677.872498,0.000000,
0.000000,340800.037215,0.000000,31804667455.837788,146106069101.796265,0.000000,-31804667455.837788,146106069101.796265,0.000000,
0.000000,349755.205212,0.000000,29965828387.892853,146493174745.231232,0.000000,-29965828387.892853,146493174745.231232,0.000000,
0.000000,358849.335392,0.000000,28122255595.792255,146857140965.301544,0.000000,-28122255595.792255,146857140965.301544,0.000000,
0.000000,368082.776022,0.000000,26274240126.691349,147197909770.226044,0.000000,-26274240126.691349,147197909770.226044,0.000000,
0.000000,377455.853384,0.000000,24422073728.602913,147515426828.821381,0.000000,-24422073728.602913,147515426828.821381,0.000000,
0.000000,386968.871723,0.000000,22566048800.166393,147809641479.371887,0.000000,-22566048800.166393,147809641479.371887,0.000000,
0.000000,396622.113198,0.000000,20706458338.462639,148080506737.956024,0.000000,-20706458338.462639,148080506737.956024,0.000000,
0.000000,406415.837834,0.000000,18843595883.827454,148327979306.193542,0.000000,-18843595883.827454,148327979306.193542,0.000000,
0.000000,416350.283481,0.000000,16977755459.838139,148552019578.390076,0.000000,-16977755459.838139,148552019578.390076,0.000000,
0.000000,426425.665771,0.000000,15109231505.156214,148752591648.139008,0.000000,-15109231505.156214,148752591648.139008,0.000000,
0.000000,436642.178087,0.000000,13238318790.765739,148929663314.311035,0.000000,-13238318790.765739,148929663314.311035,0.000000,
0.000000,446999.991526,0.000000,11365312309.205318,149083206086.470825,0.000000,-11365312309.205318,149083206086.470825,0.000000,
0.000000,457499.254871,0.000000,9490507105.204538,149213195189.725952,0.000000,-9490507105.204538,149213195189.725952,0.000000,
0.000000,468140.094568,0.000000,7614197969.183392,149319609568.966766,0.000000,-7614197969.183392,149319609568.966766,0.000000,
0.000000,478922.614701,0.000000,5736678755.556744,149402431892.555542,0.000000,-5736678755.556744,149402431892.555542,0.000000,
0.000000,489846.896973,0.000000,3858240400.481813,149461648555.423340,0.000000,-3858240400.481813,149461648555.423340,0.000000,
0.000000,500913.000695,0.000000,1979162030.068225,149497249681.603210,0.000000,-1979162030.068225,149497249681.603210,0.000000,
0.000000,512120.962768,0.000000,99510438.182754,149509229126.253418,0.000000,-99510438.182754,149509229126.253418,0.000000,
0.000000,523470.727693,0.000000,-10081951671.248541,149497596130.954987,0.000000,10081951671.248541,149497596130.954987,0.000000,
0.000000,534961.257179,0.000000,-20721618149.958366,149462523587.869965,0.000000,20721618149.958366,149462523587.869965,0.000000,
0.000000,546589.601012,0.000000,-31358109608.956745,149404502754.517914,0.000000,31358109608.956745,149404502754.517914,0.000000,
0.000000,558350.996492,0.000000,-41989961433.301933,149324326696.804230,0.000000,41989961433.301933,149324326696.804230,0.000000,
0.000000,570239.181099,0.000000,-52615889702.562836,149223038224.049896,0.000000,52615889702.562836,149223038224.049896,0.000000,
0.000000,582246.766996,0.000000,-63234822690.099396,149101867529.233032,0.000000,63234822690.099396,149101867529.233032,0.000000,
0.000000,594365.630588,0.000000,-73845913524.580185,148962167320.798676,0.000000,73845913524.580185,148962167320.798676,0.000000,
0.000000,606587.277661,0.000000,-84448536542.864380,148805352021.008759,0.000000,84448536542.864380,148805352021.008759,0.000000,
0.000000,618903.157098,0.000000,-95042271288.877579,148632845527.322754,0.000000,95042271288.877579,148632845527.322754,0.000000,
0.000000,631304.909626,0.000000,-105626878580.662384,148446039792.271423,0.000000,105626878580.662384,148446039792.271423,0.000000,
0.000000,643784.549407,0.000000,-116202272698.658783,148246264585.450165,0.000000,116202272698.658783,148246264585.450165,0.000000,
0.000000,656334.584132,0.000000,-126768492903.095718,148034767496.074280,0.000000,126768492903.095718,148034767496.074280,0.000000,
0.000000,668948.083525,0.000000,-137325676500.555984,147812702525.597839,0.000000,137325676500.555984,147812702525.597839,0.000000,
0.000000,681618.707582,0.000000,-147874034773.432037,147581125386.228729,0.000000,147874034773.432037,147581125386.228729,0.000000,
0.000000,694340.705361,0.000000,-158413832370.536774,147340993701.480408,0.000000,158413832370.536774,147340993701.480408,0.000000,
0.000000,707108.893685,0.000000,-168945370256.336090,147093170553.134766,0.000000,168945370256.336090,147093170553.134766,0.000000,
0.000000,719918.623226,0.000000,-179468972005.609039,146838430128.683502,0.000000,179468972005.609039,146838430128.683502,0.000000,
0.000000,732765.737626,0.000000,-189984973066.238190,146577464527.976898,0.000000,189984973066.238190,146577464527.976898,0.000000,
0.000000,745646.529716,0.000000,-200493712549.478302,146310891053.824860,0.000000,200493712549.478302,146310891053.824860,0.000000,
0.000000,758557.697592,0.000000,-210995527107.677216,146039259526.360840,0.000000,210995527107.677216,146039259526.360840,0.000000,
0.000000,771496.302314,0.000000,-221490746494.570709,145763059325.585907,0.000000,221490746494.570709,145763059325.585907,0.000000,
0.000000,784459.728307,0.000000,-231979690455.338684,145482725986.742767,0.000000,231979690455.338684,145482725986.742767,0.000000,
0.000000,797445.646977,0.000000,-242462666649.349182,145198647257.902954,0.000000,242462666649.349182,145198647257.902954,0.000000,
0.000000,810451.983765,0.000000,-252939969362.402710,144911168586.262024,0.000000,252939969362.402710,144911168586.262024,0.000000,
0.000000,823476.888609,0.000000,-263411878813.115875,144620598036.650024,0.000000,263411878813.115875,144620598036.650024,0.000000,
0.000000,836518.709660,0.000000,-273878660898.989136,144327210668.426880,0.000000,273878660898.989136,144327210668.426880,0.000000,
0.000000,849575.970016,0.000000,-284340567261.871033,144031252409.386902,0.000000,284340567261.871033,144031252409.386902,0.000000,
0.000000,862647.347209,0.000000,-294797835579.832520,143732943471.360352,0.000000,294797835579.832520,143732943471.360352,0.000000,
0.000000,875731.655171,0.000000,-305250690014.727112,143432481353.801819,0.000000,305250690014.727112,143432481353.801819,0.000000,
0.000000,888827.828396,0.000000,-315699341761.827942,143130043480.448395,0.000000,315699341761.827942,143130043480.448395,0.000000,
0.000000,901934.908054,0.000000,-326143989661.573120,142825789511.611389,0.000000,326143989661.573120,142825789511.611389,0.000000,
0.000000,915052.029823,0.000000,-336584820843.965149,142519863371.106628,0.000000,336584820843.965149,142519863371.106628,0.000000,
0.000000,928178.413210,0.000000,-347022011383.933228,142212395023.140228,0.000000,347022011383.933228,142212395023.140228,0.000000,
0.000000,941313.352201,0.000000,-357455726952.412598,141903502030.540985,0.000000,357455726952.412598,141903502030.540985,0.000000,
0.000000,954456.207043,0.000000,-367886123452.255920,141593290922.225616,0.000000,367886123452.255920,141593290922.225616,0.000000,
0.000000,967606.397035,0.000000,-378313347631.838684,141281858394.302185,0.000000,378313347631.838684,141281858394.302185,0.000000,
0.000000,980763.394183,0.000000,-388737537671.467346,140969292366.183228,0.000000,388737537671.467346,140969292366.183228,0.000000,
0.000000,993926.717616,0.000000,-399158823739.966797,140655672910.398346,0.000000,399158823739.966797,140655672910.398346,0.000000,
0.000000,1007095.928668,0.000000,-409577328520.042786,140341073072.220154,0.000000,409577328520.042786,140341073072.220154,0.000000,
0.000000,1020270.626525,0.000000,-419993167701.987305,140025559593.258240,0.000000,419993167701.987305,140025559593.258240,0.000000,
0.000000,1033450.444390,0.000000,-430406450446.283630,139709193551.154602,0.000000,430406450446.283630,139709193551.154602,0.000000,
0.000000,1046635.046079,0.000000,-440817279815.759888,139392030926.009521,0.000000,440817279815.759888,139392030926.009521,0.000000,
0.000000,1059824.123003,0.000000,-451225753178.599365,139074123102.707031,0.000000,451225753178.599365,139074123102.707031,0.000000,
0.000000,1073017.391491,0.000000,-461631962583.616394,138755517317.054077,0.000000,461631962583.616394,138755517317.054077,0.000000,
0.000000,1086214.590406,0.000000,-472035995109.226868,138436257052.691284,0.000000,472035995109.226868,138436257052.691284,0.000000,
0.000000,1099415.479017,0.000000,-482437933187.863647,138116382394.747314,0.000000,482437933187.863647,138116382394.747314,0.000000,
0.000000,1112619.835112,0.000000,-492837854907.153992,137795930345.454803,0.000000,492837854907.153992,137795930345.454803,0.000000,
0.000000,1125827.453296,0.000000,-503235834289.690918,137474935106.228607,0.000000,503235834289.690918,137474935106.228607,0.000000,
0.000000,1139038.143478,0.000000,-513631941552.611084,137153428330.233139,0.000000,513631941552.611084,137153428330.233139,0.000000,
0.000000,1152251.729511,0.000000,-524026243348.666809,136831439348.808929,0.000000,524026243348.666809,136831439348.808929,0.000000,
0.000000,1165468.047970,0.000000,-534418802989.997375,136508995374.798141,0.000000,534418802989.997375,136508995374.798141,0.000000,
0.000000,1178686.947055,0.000000,-544809680655.897522,136186121685.409668,0.000000,544809680655.897522,136186121685.409668,0.000000,
0.000000,1191908.285600,0.000000,-555198933585.805176,135862841786.906906,0.000000,555198933585.805176,135862841786.906906,0.000000,
0.000000,1205131.932183,0.000000,-565586616258.654663,135539177563.154465,0.000000,565586616258.654663,135539177563.154465,0.000000,
0.000000,1218357.764320,0.000000,-575972780559.485474,135215149409.794037,0.000000,575972780559.485474,135215149409.794037,0.000000,
0.000000,1231585.667735,0.000000,-586357475934.589966,134890776355.602402,0.000000,586357475934.589966,134890776355.602402,0.000000,
0.000000,1244815.535700,0.000000,-596740749535.485962,134566076172.415863,0.000000,596740749535.485962,134566076172.415863,0.000000,
0.000000,1258047.268438,0.000000,-607122646353.428467,134241065474.833252,0.000000,607122646353.428467,134241065474.833252,0.000000,
0.000000,1271280.772576,0.000000,-617503209344.368042,133915759810.755142,0.000000,617503209344.368042,133915759810.755142,0.000000,
0.000000,1284515.960654,0.000000,-627882479545.410767,133590173743.731735,0.000000,627882479545.410767,133590173743.731735,0.000000,
0.000000,1297752.750674,0.000000,-638260496183.577026,133264320927.926163,0.000000,638260496183.577026,133264320927.926163,0.000000,
0.000000,1310991.065686,0.000000,-648637296777.261719,132938214176.460571,0.000000,648637296777.261719,132938214176.460571,0.000000,
0.000000,1324230.833419,0.000000,-659012917230.806396,132611865523.805908,0.000000,659012917230.806396,132611865523.805908,0.000000,
0.000000,1337471.985934,0.000000,-669387391922.957275,132285286282.783249,0.000000,669387391922.957275,132285286282.783249,0.000000,
0.000000,1350714.459313,0.000000,-679760753789.642456,131958487096.727539,0.000000,679760753789.642456,131958487096.727539,0.000000,
0.000000,1363958.193373,0.000000,-690133034401.351196,131631477987.258408,0.000000,690133034401.351196,131631477987.258408,0.000000,
0.000000,1377203.131400,0.000000,-700504264035.431519,131304268398.090317,0.000000,700504264035.431519,131304268398.090317,0.000000,
0.000000,1390449.219909,0.000000,-710874471743.953491,130976867235.247406,0.000000,710874471743.953491,130976867235.247406,0.000000,
0.000000,1403696.408423,0.000000,-721243685417.287842,130649282904.022232,0.000000,721243685417.287842,130649282904.022232,0.000000,
0.000000,1416944.649267,0.000000,-731611931843.747681,130321523342.950943,0.000000,731611931843.747681,130321523342.950943,0.000000,
0.000000,1430193.897382,0.000000,-741979236765.595947,129993596055.154968,0.000000,741979236765.595947,129993596055.154968,0.000000,
0.000000,1443444.110151,0.000000,-752345624931.421021,129665508137.171783,0.000000,752345624931.421021,129665508137.171783,0.000000,
0.000000,1456695.247237,0.000000,-762711120145.563965,129337266305.593445,0.000000,762711120145.563965,129337266305.593445,0.000000,
0.000000,1469947.270439,0.000000,-773075745314.560913,129008876921.651535,0.000000,773075745314.560913,129008876921.651535,0.000000,
0.000000,1483200.143551,0.000000,-783439522490.778320,128680346013.954041,0.000000,783439522490.778320,128680346013.954041,0.000000,
0.000000,1496453.832241,0.000000,-793802472913.538452,128351679299.520996,0.000000,793802472913.538452,128351679299.520996,0.000000,
0.000000,1509708.303931,0.000000,-804164617047.904785,128022882203.263351,0.000000,804164617047.904785,128022882203.263351,0.000000,
0.000000,1522963.527686,0.000000,-814525974621.000366,127693959876.043381,0.000000,814525974621.000366,127693959876.043381,0.000000,
0.000000,1536219.474118,0.000000,-824886564656.481567,127364917211.425293,0.000000,824886564656.481567,127364917211.425293,0.000000,
0.000000,1549476.115293,0.000000,-835246405507.006348,127035758861.234604,0.000000,835246405507.006348,127035758861.234604,0.000000,
0.000000,1562733.424637,0.000000,-845605514884.903442,126706489250.009674,0.000000,845605514884.903442,126706489250.009674,0.000000,
0.000000,1575991.376865,0.000000,-855963909891.119263,126377112588.450943,0.000000,855963909891.119263,126377112588.450943,0.000000,
0.000000,1589249.947898,0.000000,-866321607042.557007,126047632885.928665,0.000000,866321607042.557007,126047632885.928665,0.000000,
0.000000,1602509.114798,0.000000,-876678622297.983765,125718053962.149414,0.000000,876678622297.983765,125718053962.149414,0.000000,
0.000000,1615768.855699,0.000000,-887034971082.578369,125388379458.012238,0.000000,887034971082.578369,125388379458.012238,0.000000,
0.000000,1629029.149748,0.000000,-897390668310.964111,125058612845.753021,0.000000,897390668310.964111,125058612845.753021,0.000000,
0.000000,1642289.977050,0.000000,-907745728409.235840,124728757438.411636,0.000000,907745728409.235840,124728757438.411636,0.000000,
0.000000,1655551.318612,0.000000,-918100165335.726196,124398816398.665375,0.000000,918100165335.726196,124398816398.665375,0.000000,
0.000000,1668813.156293,0.000000,-928453992600.778687,124068792747.104385,0.000000,928453992600.778687,124068792747.104385,0.000000,
0.000000,1682075.472760,0.000000,-938807223285.428833,123738689369.964172,0.000000,938807223285.428833,123738689369.964172,0.000000,
0.000000,1695338.251444,0.000000,-949159870059.198364,123408509026.365387,0.000000,949159870059.198364,123408509026.365387,0.000000,
0.000000,1708601.476498,0.000000,-959511945196.951294,123078254355.097092,0.000000,959511945196.951294,123078254355.097092,0.000000,
0.000000,1721865.132758,0.000000,-969863460594.884399,122747927880.979050,0.000000,969863460594.884399,122747927880.979050,0.000000,
0.000000,1735129.205712,0.000000,-980214427785.783081,122417532020.824463,0.000000,980214427785.783081,122417532020.824463,0.000000,
0.000000,1748393.681460,0.000000,-990564857953.486450,122087069089.039581,0.000000,990564857953.486450,122087069089.039581,0.000000,
0.000000,1761658.546686,0.000000,-1000914761946.741699,121756541302.883545,0.000000,1000914761946.741699,121756541302.883545,0.000000,
0.000000,1774923.788628,0.000000,-1011264150292.201782,121425950787.414001,0.000000,1011264150292.201782,121425950787.414001,0.000000,
0.000000,1788189.395051,0.000000,-1021613033206.905518,121095299580.114655,0.000000,1021613033206.905518,121095299580.114655,0.000000,
0.000000,1801455.354218,0.000000,-1031961420610.200806,120764589635.296875,0.000000,1031961420610.200806,120764589635.296875,0.000000,
0.000000,1814721.654868,0.000000,-1042309322135.079346,120433822828.197403,0.000000,1042309322135.079346,120433822828.197403,0.000000,
0.000000,1827988.286189,0.000000,-1052656747139.000977,120103000958.859283,0.000000,1052656747139.000977,120103000958.859283,0.000000,
0.000000,1841255.237803,0.000000,-1063003704714.160767,119772125755.784912,0.000000,1063003704714.160767,119772125755.784912,0.000000,
0.000000,1854522.499738,0.000000,-1073350203697.337402,119441198879.384659,0.000000,1073350203697.337402,119441198879.384659,0.000000,
0.000000,1867790.062411,0.000000,-1083696252679.297119,119110221925.224411,0.000000,1083696252679.297119,119110221925.224411,0.000000,
0.000000,1881057.916611,0.000000,-1094041860013.729248,118779196427.096115,0.000000,1094041860013.729248,118779196427.096115,0.000000,
0.000000,1894326.053481,0.000000,-1104387033825.824951,118448123859.915497,0.000000,1104387033825.824951,118448123859.915497,0.000000,
0.000000,1907594.464501,0.000000,-1114731782020.465820,118117005642.460297,0.000000,1114731782020.465820,118117005642.460297,0.000000,
0.000000,1920863.141471,0.000000,-1125076112289.997559,117785843139.956528,0.000000,1125076112289.997559,117785843139.956528,0.000000,
0.000000,1934132.076501,0.000000,-1135420032121.814697,117454637666.533539,0.000000,1135420032121.814697,117454637666.533539,0.000000,
0.000000,1947401.261990,0.000000,-1145763548805.419189,117123390487.535767,0.000000,1145763548805.419189,117123390487.535767,0.000000,
0.000000,1960670.690620,0.000000,-1156106669439.313477,116792102821.719788,0.000000,1156106669439.313477,116792102821.719788,0.000000,
0.000000,1973940.355339,0.000000,-1166449400937.571289,116460775843.328812,0.000000,1166449400937.571289,116460775843.328812,0.000000,
0.000000,1987210.249350,0.000000,-1176791750036.122803,116129410684.065399,0.000000,1176791750036.122803,116129410684.065399,0.000000,
0.000000,2000480.366102,0.000000,-1187133723298.825439,115798008434.955475,0.000000,1187133723298.825439,115798008434.955475,0.000000,
0.000000,2013750.699276,0.000000,-1197475327123.101318,115466570148.122025,0.000000,1197475327123.101318,115466570148.122025,0.000000,
0.000000,2027021.242777,0.000000,-1207816567745.538086,115135096838.460983,0.000000,1207816567745.538086,115135096838.460983,0.000000,
0.000000,2040291.990724,0.000000,-1218157451247.187012,114803589485.240128,0.000000,1218157451247.187012,114803589485.240128,0.000000,
0.000000,2053562.937442,0.000000,-1228497983558.658691,114472049033.610916,0.000000,1228497983558.658691,114472049033.610916,0.000000,
0.000000,2066834.077450,0.000000,-1238838170465.035156,114140476396.047821,0.000000,1238838170465.035156,114140476396.047821,0.000000,
0.000000,2080105.405456,0.000000,-1249178017610.518799,113808872453.716965,0.000000,1249178017610.518799,113808872453.716965,0.000000,
0.000000,2093376.916349,0.000000,-1259517530502.984863,113477238057.775177,0.000000,1259517530502.984863,113477238057.775177,0.000000,
0.000000,2106648.605191,0.000000,-1269856714518.299072,113145574030.608734,0.000000,1269856714518.299072,113145574030.608734,0.000000,
0.000000,2119920.467208,0.000000,-1280195574904.340332,112813881167.008316,0.000000,1280195574904.340332,112813881167.008316,0.000000,
0.000000,2133192.497786,0.000000,-1290534116785.262939,112482160235.290543,0.000000,1290534116785.262939,112482160235.290543,0.000000,
0.000000,2146464.692463,0.000000,-1300872345165.134521,112150411978.365417,0.000000,1300872345165.134521,112150411978.365417,0.000000,
0.000000,2159737.046926,0.000000,-1311210264931.698975,111818637114.750626,0.000000,1311210264931.698975,111818637114.750626,0.000000,
0.000000,2173009.556998,0.000000,-1321547880859.914062,111486836339.543640,0.000000,1321547880859.914062,111486836339.543640,0.000000,
0.000000,2186282.218642,0.000000,-1331885197615.396484,111155010325.341415,0.000000,1331885197615.396484,111155010325.341415,0.000000,
0.000000,2199555.027947,0.000000,-1342222219757.703125,110823159723.123856,0.000000,1342222219757.703125,110823159723.123856,0.000000,
0.000000,2212827.981129,0.000000,-1352558951743.513184,110491285163.093918,0.000000,1352558951743.513184,110491285163.093918,0.000000,
0.000000,2226101.074523,0.000000,-1362895397929.654053,110159387255.476425,0.000000,1362895397929.654053,110159387255.476425,0.000000,
0.000000,2239374.304580,0.000000,-1373231562576.064453,109827466591.288101,0.000000,1373231562576.064453,109827466591.288101,0.000000,
0.000000,2252647.667862,0.000000,-1383567449848.646240,109495523743.064377,0.000000,1383567449848.646240,109495523743.064377,0.000000,
0.000000,2265921.161037,0.000000,-1393903063821.975586,109163559265.560898,0.000000,1393903063821.975586,109163559265.560898,0.000000,
0.000000,2279194.780877,0.000000,-1404238408481.937012,108831573696.419067,0.000000,1404238408481.937012,108831573696.419067,0.000000,
0.000000,2292468.524251,0.000000,-1414573487728.289551,108499567556.801270,0.000000,1414573487728.289551,108499567556.801270,0.000000,
0.000000,2305742.388125,0.000000,-1424908305377.064453,108167541352.010590,0.000000,1424908305377.064453,108167541352.010590,0.000000,
0.000000,2319016.369556,0.000000,-1435242865162.992432,107835495572.062424,0.000000,1435242865162.992432,107835495572.062424,0.000000,
0.000000,2332290.465690,0.000000,-1445577170741.780029,107503430692.247299,0.000000,1445577170741.780029,107503430692.247299,0.000000,
0.000000,2345564.673758,0.000000,-1455911225692.258301,107171347173.668625,0.000000,1455911225692.258301,107171347173.668625,0.000000,
0.000000,2358838.991073,0.000000,-1466245033518.563721,106839245463.750305,0.000000,1466245033518.563721,106839245463.750305,0.000000,
0.000000,2372113.415026,0.000000,-1476578597652.147217,106507125996.725082,0.000000,1476578597652.147217,106507125996.725082,0.000000,
0.000000,2385387.943088,0.000000,-1486911921453.884521,106174989194.109329,0.000000,1486911921453.884521,106174989194.109329,0.000000,
0.000000,2398662.572799,0.000000,-1497245008215.793945,105842835465.147491,0.000000,1497245008215.793945,105842835465.147491,0.000000,
0.000000,2411937.301774,0.000000,-1507577861163.043945,105510665207.246048,0.000000,1507577861163.043945,105510665207.246048,0.000000,
0.000000,2425212.127694,0.000000,-1517910483455.713135,105178478806.384842,0.000000,1517910483455.713135,105178478806.384842,0.000000,
0.000000,2438487.048308,0.000000,-1528242878190.566406,104846276637.514969,0.000000,1528242878190.566406,104846276637.514969,0.000000,
0.000000,2451762.061428,0.000000,-1538575048402.592041,104514059064.935516,0.000000,1538575048402.592041,104514059064.935516,0.000000,
0.000000,2465037.164928,0.000000,-1548906997066.706787,104181826442.665588,0.000000,1548906997066.706787,104181826442.665588,0.000000,
0.000000,2478312.356741,0.000000,-1559238727099.335938,103849579114.784332,0.000000,1559238727099.335938,103849579114.784332,0.000000,
0.000000,2491587.634859,0.000000,-1569570241359.837402,103517317415.774872,0.000000,1569570241359.837402,103517317415.774872,0.000000,
0.000000,2504862.997329,0.000000,-1579901542652.134033,103185041670.843491,0.000000,1579901542652.134033,103185041670.843491,0.000000,
0.000000,2518138.442251,0.000000,-1590232633726.016846,102852752196.230408,0.000000,1590232633726.016846,102852752196.230408,0.000000,
0.000000,2531413.967779,0.000000,-1600563517278.555420,102520449299.508011,0.000000,1600563517278.555420,102520449299.508011,0.000000,
0.000000,2544689.572116,0.000000,-1610894195955.433838,102188133279.866379,0.000000,1610894195955.433838,102188133279.866379,0.000000,
0.000000,2557965.253513,0.000000,-1621224672352.259521,101855804428.386932,0.000000,1621224672352.259521,101855804428.386932,0.000000,
0.000000,2571241.010271,0.000000,-1631554949015.771729,101523463028.310349,0.000000,1631554949015.771729,101523463028.310349,0.000000,
0.000000,2584516.840732,0.000000,-1641885028445.088867,101191109355.289490,0.000000,1641885028445.088867,101191109355.289490,0.000000,
0.000000,2597792.743287,0.000000,-1652214913092.887207,100858743677.630463,0.000000,1652214913092.887207,100858743677.630463,0.000000,
0.000000,2611068.716365,0.000000,-1662544605366.497070,100526366256.533966,0.000000,1662544605366.497070,100526366256.533966,0.000000,
0.000000,2624344.758441,0.000000,-1672874107629.079590,100193977346.318726,0.000000,1672874107629.079590,100193977346.318726,0.000000,
0.000000,2637620.868027,0.000000,-1683203422200.639648,99861577194.640366,0.000000,1683203422200.639648,99861577194.640366,0.000000,
0.000000,2650897.043674,0.000000,-1693532551359.084717,99529166042.698273,0.000000,1693532551359.084717,99529166042.698273,0.000000,
0.000000,2664173.283972,0.000000,-1703861497341.241699,99196744125.442963,0.000000,1703861497341.241699,99196744125.442963,0.000000,
0.000000,2677449.587545,0.000000,-1714190262343.832764,98864311671.767807,0.000000,1714190262343.832764,98864311671.767807,0.000000,
0.000000,2690725.953054,0.000000,-1724518848524.403564,98531868904.696396,0.000000,1724518848524.403564,98531868904.696396,0.000000,
0.000000,2704002.379195,0.000000,-1734847258002.287842,98199416041.565720,0.000000,1734847258002.287842,98199416041.565720,0.000000,
0.000000,2717278.864695,0.000000,-1745175492859.448242,97866953294.196915,0.000000,1745175492859.448242,97866953294.196915,0.000000,
0.000000,2730555.408314,0.000000,-1755503555141.391357,97534480869.065994,0.000000,1755503555141.391357,97534480869.065994,0.000000,
0.000000,2743832.008843,0.000000,-1765831446858.004395,97201998967.464951,0.000000,1765831446858.004395,97201998967.464951,0.000000,
0.000000,2757108.665104,0.000000,-1776159169984.360352,96869507785.658539,0.000000,1776159169984.360352,96869507785.658539,0.000000,
0.000000,2770385.375947,0.000000,-1786486726461.516602,96537007515.034439,0.000000,1786486726461.516602,96537007515.034439,0.000000,
0.000000,2783662.140251,0.000000,-1796814118197.296875,96204498342.248322,0.000000,1796814118197.296875,96204498342.248322,0.000000,
0.000000,2796938.956924,0.000000,-1807141347067.054932,95871980449.367416,0.000000,1807141347067.054932,95871980449.367416,0.000000,
0.000000,2810215.824897,0.000000,-1817468414914.337646,95539454013.996017,0.000000,1817468414914.337646,95539454013.996017,0.000000,
0.000000,2823492.743132,0.000000,-1827795323551.711182,95206919209.420807,0.000000,1827795323551.711182,95206919209.420807,0.000000,
0.000000,2836769.710611,0.000000,-1838122074761.360352,94874376204.726715,0.000000,1838122074761.360352,94874376204.726715,0.000000,
0.000000,2850046.726345,0.000000,-1848448670295.796631,94541825164.923065,0.000000,1848448670295.796631,94541825164.923065,0.000000,
0.000000,2863323.789366,0.000000,-1858775111878.498779,94209266251.058624,0.000000,1858775111878.498779,94209266251.058624,0.000000,
0.000000,2876600.898730,0.000000,-1869101401204.563721,93876699620.340195,0.000000,1869101401204.563721,93876699620.340195,0.000000,
0.000000,2889878.053515,0.000000,-1879427539941.310547,93544125426.233353,0.000000,1879427539941.310547,93544125426.233353,0.000000,
0.000000,2903155.252822,0.000000,-1889753529728.892334,93211543818.580154,0.000000,1889753529728.892334,93211543818.580154,0.000000,
0.000000,2916432.495772,0.000000,-1900079372180.870850,92878954943.694656,0.000000,1900079372180.870850,92878954943.694656,0.000000,
0.000000,2929709.781507,0.000000,-1910405068884.791504,92546358944.464233,0.000000,1910405068884.791504,92546358944.464233,0.000000,
0.000000,2942987.109188,0.000000,-1920730621402.753418,92213755960.444427,0.000000,1920730621402.753418,92213755960.444427,0.000000,
0.000000,2956264.477997,0.000000,-1931056031271.923340,91881146127.953522,0.000000,1931056031271.923340,91881146127.953522,0.000000,
0.000000,2969541.887134,0.000000,-1941381300005.073730,91548529580.163391,0.000000,1941381300005.073730,91548529580.163391,0.000000,
0.000000,2982819.335819,0.000000,-1951706429091.143066,91215906447.181702,0.000000,1951706429091.143066,91215906447.181702,0.000000,
0.000000,2996096.823287,0.000000,-1962031419995.551758,90883276856.140839,0.000000,1962031419995.551758,90883276856.140839,0.000000,
0.000000,3009374.348792,0.000000,-1972356274160.955811,90550640931.277451,0.000000,1972356274160.955811,90550640931.277451,0.000000,
0.000000,3022651.911605,0.000000,-1982680993007.549561,90217998794.011093,0.000000,1982680993007.549561,90217998794.011093,0.000000,
0.000000,3035929.511014,0.000000,-1993005577933.550293,89885350563.020187,0.000000,1993005577933.550293,89885350563.020187,0.000000,
0.000000,3049207.146321,0.000000,-2003330030315.673584,89552696354.317841,0.000000,2003330030315.673584,89552696354.317841,0.000000,
0.000000,3062484.816846,0.000000,-2013654351509.557129,89220036281.321136,0.000000,2013654351509.557129,89220036281.321136,0.000000,
0.000000,3075762.521923,0.000000,-2023978542850.185303,88887370454.920593,0.000000,2023978542850.185303,88887370454.920593,0.000000,
0.000000,3089040.260900,0.000000,-2034302605652.322998,88554698983.549133,0.000000,2034302605652.322998,88554698983.549133,0.000000,
0.000000,3102318.033141,0.000000,-2044626541210.905273,88222021973.245651,0.000000,2044626541210.905273,88222021973.245651,0.000000,
0.000000,3115595.838023,0.000000,-2054950350801.421143,87889339527.718567,0.000000,2054950350801.421143,87889339527.718567,0.000000,
0.000000,3128873.674936,0.000000,-2065274035680.328125,87556651748.405960,0.000000,2065274035680.328125,87556651748.405960,0.000000,
0.000000,3142151.543285,0.000000,-2075597597085.419189,87223958734.536102,0.000000,2075597597085.419189,87223958734.536102,0.000000,
0.000000,3155429.442487,0.000000,-2085921036236.215088,86891260583.184296,0.000000,2085921036236.215088,86891260583.184296,0.000000,
0.000000,3168707.371971,0.000000,-2096244354334.180908,86558557389.328949,0.000000,2096244354334.180908,86558557389.328949,0.000000,
0.000000,3181985.331180,0.000000,-2106567552563.310303,86225849245.903839,0.000000,2106567552563.310303,86225849245.903839,0.000000,
0.000000,3195263.319567,0.000000,-2116890632090.298096,85893136243.852402,0.000000,2116890632090.298096,85893136243.852402,0.000000,
0.000000,3208541.336597,0.000000,-2127213594064.935547,85560418472.178574,0.000000,2127213594064.935547,85560418472.178574,0.000000,
0.000000,3221819.381748,0.000000,-2137536439620.390137,85227696017.993393,0.000000,2137536439620.390137,85227696017.993393,0.000000,
0.000000,3235097.454507,0.000000,-2147859169873.576416,84894968966.567001,0.000000,2147859169873.576416,84894968966.567001,0.000000,
0.000000,3248375.554374,0.000000,-2158181785925.440186,84562237401.370865,0.000000,2158181785925.440186,84562237401.370865,0.000000,
0.000000,3261653.680857,0.000000,-2168504288861.256592,84229501404.125580,0.000000,2168504288861.256592,84229501404.125580,0.000000,
0.000000,3274931.833475,0.000000,-2178826679750.925537,83896761054.844345,0.000000,2178826679750.925537,83896761054.844345,0.000000,
0.000000,3288210.011759,0.000000,-2189148959649.274170,83564016431.871674,0.000000,2189148959649.274170,83564016431.871674,0.000000,
0.000000,3301488.215248,0.000000,-2199471129596.329590,83231267611.930817,0.000000,2199471129596.329590,83231267611.930817,0.000000,
0.000000,3314766.443490,0.000000,-2209793190617.601562,82898514670.159256,0.000000,2209793190617.601562,82898514670.159256,0.000000,
0.000000,3328044.696043,0.000000,-2220115143724.321289,82565757680.149948,0.000000,2220115143724.321289,82565757680.149948,0.000000,
0.000000,3341322.972475,0.000000,-2230436989913.721191,82232996713.985764,0.000000,2230436989913.721191,82232996713.985764,0.000000,
0.000000,3354601.272361,0.000000,-2240758730169.313477,81900231842.279984,0.000000,2240758730169.313477,81900231842.279984,0.000000,
0.000000,3367879.595287,0.000000,-2251080365461.148438,81567463134.210464,0.000000,2251080365461.148438,81567463134.210464,0.000000,
0.000000,3381157.940844,0.000000,-2261401896745.997559,81234690657.552612,0.000000,2261401896745.997559,81234690657.552612,0.000000,
0.000000,3394436.308634,0.000000,-2271723324967.659668,80901914478.715530,0.000000,2271723324967.659668,80901914478.715530,0.000000,
0.000000,3407714.698267,0.000000,-2282044651057.116211,80569134662.773514,0.000000,2282044651057.116211,80569134662.773514,0.000000,
0.000000,3420993.109360,0.000000,-2292365875932.850586,80236351273.498154,0.000000,2292365875932.850586,80236351273.498154,0.000000,
0.000000,3434271.541536,0.000000,-2302687000501.030273,79903564373.388733,0.000000,2302687000501.030273,79903564373.388733,0.000000,
0.000000,3447549.994429,0.000000,-2313008025655.715332,79570774023.702362,0.000000,2313008025655.715332,79570774023.702362,0.000000,
0.000000,3460828.467677,0.000000,-2323328952279.082031,79237980284.483612,0.000000,2323328952279.082031,79237980284.483612,0.000000,
0.000000,3474106.960927,0.000000,-2333649781241.629395,78905183214.593643,0.000000,2333649781241.629395,78905183214.593643,0.000000,
0.000000,3487385.473833,0.000000,-2343970513402.418457,78572382871.735336,0.000000,2343970513402.418457,78572382871.735336,0.000000,
0.000000,3500664.006054,0.000000,-2354291149609.203125,78239579312.483139,0.000000,2354291149609.203125,78239579312.483139,0.000000,
0.000000,3513942.557259,0.000000,-2364611690698.690918,77906772592.306061,0.000000,2364611690698.690918,77906772592.306061,0.000000,
0.000000,3527221.127119,0.000000,-2374932137496.702148,77573962765.596329,0.000000,2374932137496.702148,77573962765.596329,0.000000,
0.000000,3540499.715316,0.000000,-2385252490818.350098,77241149885.692352,0.000000,2385252490818.350098,77241149885.692352,0.000000,
0.000000,3553778.321533,0.000000,-2395572751468.247559,76908334004.903885,0.000000,2395572751468.247559,76908334004.903885,0.000000,
0.000000,3567056.945465,0.000000,-2405892920240.689453,76575515174.533157,0.000000,2405892920240.689453,76575515174.533157,0.000000,
0.000000,3580335.586807,0.000000,-2416212997919.801758,76242693444.900604,0.000000,2416212997919.801758,76242693444.900604,0.000000,
0.000000,3593614.245265,0.000000,-2426532985279.733887,75909868865.365219,0.000000,2426532985279.733887,75909868865.365219,0.000000,
0.000000,3606892.920546,0.000000,-2436852883084.813965,75577041484.347198,0.000000,2436852883084.813965,75577041484.347198,0.000000,
0.000000,3620171.612367,0.000000,-2447172692089.742676,75244211349.347656,0.000000,2447172692089.742676,75244211349.347656,0.000000,
0.000000,3633450.320446,0.000000,-2457492413039.699707,74911378506.971115,0.000000,2457492413039.699707,74911378506.971115,0.000000,
0.000000,3646729.044510,0.000000,-2467812046670.569824,74578543002.944061,0.000000,2467812046670.569824,74578543002.944061,0.000000,
0.000000,3660007.784289,0.000000,-2478131593709.046875,74245704882.134521,0.000000,2478131593709.046875,74245704882.134521,0.000000,
0.000000,3673286.539518,0.000000,-2488451054872.803223,73912864188.571671,0.000000,2488451054872.803223,73912864188.571671,0.000000,
0.000000,3686565.309938,0.000000,-2498770430870.618164,73580020965.463928,0.000000,2498770430870.618164,73580020965.463928,0.000000,
0.000000,3699844.095295,0.000000,-2509089722402.588867,73247175255.216873,0.000000,2509089722402.588867,73247175255.216873,0.000000,
0.000000,3713122.895338,0.000000,-2519408930160.184082,72914327099.450577,0.000000,2519408930160.184082,72914327099.450577,0.000000,
0.000000,3726401.709822,0.000000,-2529728054826.444336,72581476539.017609,0.000000,2529728054826.444336,72581476539.017609,0.000000,
0.000000,3739680.538506,0.000000,-2540047097076.092285,72248623614.018555,0.000000,2540047097076.092285,72248623614.018555,0.000000,
0.000000,3752959.381154,0.000000,-2550366057575.687500,71915768363.819275,0.000000,2550366057575.687500,71915768363.819275,0.000000,
0.000000,3766238.237534,0.000000,-2560684936983.746582,71582910827.065704,0.000000,2560684936983.746582,71582910827.065704,0.000000,
0.000000,3779517.107417,0.000000,-2571003735950.844238,71250051041.699905,0.000000,2571003735950.844238,71250051041.699905,0.000000,
0.000000,3792795.990581,0.000000,-2581322455119.795898,70917189044.975845,0.000000,2581322455119.795898,70917189044.975845,0.000000,
0.000000,3806074.886805,0.000000,-2591641095125.736328,70584324873.472153,0.000000,2591641095125.736328,70584324873.472153,0.000000,
0.000000,3819353.795874,0.000000,-2601959656596.259766,70251458563.108521,0.000000,2601959656596.259766,70251458563.108521,0.000000,
0.000000,3832632.717576,0.000000,-2612278140151.529785,69918590149.157913,0.000000,2612278140151.529785,69918590149.157913,0.000000,
0.000000,3845911.651703,0.000000,-2622596546404.437500,69585719666.261169,0.000000,2622596546404.437500,69585719666.261169,0.000000,
0.000000,3859190.598051,0.000000,-2632914875960.718262,69252847148.440231,0.000000,2632914875960.718262,69252847148.440231,0.000000,
0.000000,3872469.556418,0.000000,-2643233129418.979492,68919972629.110901,0.000000,2643233129418.979492,68919972629.110901,0.000000,
0.000000,3885748.526609,0.000000,-2653551307370.823730,68587096141.095253,0.000000,2653551307370.823730,68587096141.095253,0.000000,
0.000000,3899027.508428,0.000000,-2663869410400.985840,68254217716.634857,0.000000,2663869410400.985840,68254217716.634857,0.000000,
0.000000,3912306.501686,0.000000,-2674187439087.473145,67921337387.401382,0.000000,2674187439087.473145,67921337387.401382,0.000000,
0.000000,3925585.506197,0.000000,-2684505394001.610352,67588455184.510033,0.000000,2684505394001.610352,67588455184.510033,0.000000,
0.000000,3938864.521776,0.000000,-2694823275708.158203,67255571138.529480,0.000000,2694823275708.158203,67255571138.529480,0.000000,
0.000000,3952143.548243,0.000000,-2705141084765.451660,66922685279.493729,0.000000,2705141084765.451660,66922685279.493729,0.000000,
0.000000,3965422.585422,0.000000,-2715458821725.437500,66589797636.913216,0.000000,2715458821725.437500,66589797636.913216,0.000000,
0.000000,3978701.633137,0.000000,-2725776487133.847168,66256908239.784950,0.000000,2725776487133.847168,66256908239.784950,0.000000,
0.000000,3991980.691217,0.000000,-2736094081530.207520,65924017116.603905,0.000000,2736094081530.207520,65924017116.603905,0.000000,
0.000000,4005259.759496,0.000000,-2746411605447.982910,65591124295.372154,0.000000,2746411605447.982910,65591124295.372154,0.000000,
0.000000,4018538.837806,0.000000,-2756729059414.647949,65258229803.608276,0.000000,2756729059414.647949,65258229803.608276,0.000000,
0.000000,4031817.925986,0.000000,-2767046443951.790039,64925333668.359230,0.000000,2767046443951.790039,64925333668.359230,0.000000,
0.000000,4045097.023877,0.000000,-2777363759575.202148,64592435916.208260,0.000000,2777363759575.202148,64592435916.208260,0.000000,
0.000000,4058376.131321,0.000000,-2787681006794.958496,64259536573.283966,0.000000,2787681006794.958496,64259536573.283966,0.000000,
0.000000,4071655.248164,0.000000,-2797998186115.447754,63926635665.270226,0.000000,2797998186115.447754,63926635665.270226,0.000000,
0.000000,4084934.374254,0.000000,-2808315298035.562988,63593733217.414391,0.000000,2808315298035.562988,63593733217.414391,0.000000,
0.000000,4098213.509442,0.000000,-2818632343048.686035,63260829254.535614,0.000000,2818632343048.686035,63260829254.535614,0.000000,
0.000000,4111492.653583,0.000000,-2828949321642.841797,62927923801.034744,0.000000,2828949321642.841797,62927923801.034744,0.000000,
0.000000,4124771.806531,0.000000,-2839266234300.699219,62595016880.900658,0.000000,2839266234300.699219,62595016880.900658,0.000000,
0.000000,4138050.968145,0.000000,-2849583081499.709473,62262108517.720070,0.000000,2849583081499.709473,62262108517.720070,0.000000,
0.000000,4151330.138287,0.000000,-2859899863712.169922,61929198734.683861,0.000000,2859899863712.169922,61929198734.683861,0.000000,
0.000000,4164609.316818,0.000000,-2870216581405.281250,61596287554.595680,0.000000,2870216581405.281250,61596287554.595680,0.000000,
0.000000,4177888.503604,0.000000,-2880533235041.227539,61263374999.879456,0.000000,2880533235041.227539,61263374999.879456,0.000000,
0.000000,4191167.698513,0.000000,-2890849825077.243652,60930461092.586143,0.000000,2890849825077.243652,60930461092.586143,0.000000,
0.000000,4204446.901415,0.000000,-2901166351965.696777,60597545854.401421,0.000000,2901166351965.696777,60597545854.401421,0.000000,
0.000000,4217726.112181,0.000000,-2911482816154.140625,60264629306.652328,0.000000,2911482816154.140625,60264629306.652328,0.000000,
0.000000,4231005.330685,0.000000,-2921799218085.412109,59931711470.314705,0.000000,2921799218085.412109,59931711470.314705,0.000000,
0.000000,4244284.556805,0.000000,-2932115558197.661133,59598792366.019501,0.000000,2932115558197.661133,59598792366.019501,0.000000,
0.000000,4257563.790417,0.000000,-2942431836924.432129,59265872014.058830,0.000000,2942431836924.432129,59265872014.058830,0.000000,
0.000000,4270843.031402,0.000000,-2952748054694.719238,58932950434.393852,0.000000,2952748054694.719238,58932950434.393852,0.000000,
0.000000,4284122.279642,0.000000,-2963064211933.066895,58600027646.659554,0.000000,2963064211933.066895,58600027646.659554,0.000000,
0.000000,4297401.535021,0.000000,-2973380309059.586914,58267103670.171478,0.000000,2973380309059.586914,58267103670.171478,0.000000,
0.000000,4310680.797425,0.000000,-2983696346490.019531,57934178523.931885,0.000000,2983696346490.019531,57934178523.931885,0.000000,
0.000000,4323960.066741,0.000000,-2994012324635.839355,57601252226.635040,0.000000,2994012324635.839355,57601252226.635040,0.000000,
0.000000,4337239.342860,0.000000,-3004328243904.288086,57268324796.673859,0.000000,3004328243904.288086,57268324796.673859,0.000000,
0.000000,4350518.625672,0.000000,-3014644104698.370605,56935396252.145226,0.000000,3014644104698.370605,56935396252.145226,0.000000,
0.000000,4363797.915070,0.000000,-3024959907417.037598,56602466610.854675,0.000000,3024959907417.037598,56602466610.854675,0.000000,
0.000000,4377077.210950,0.000000,-3035275652455.150879,56269535890.322815,0.000000,3035275652455.150879,56269535890.322815,0.000000,
0.000000,4390356.513208,0.000000,-3045591340203.564941,55936604107.790039,0.000000,3045591340203.564941,55936604107.790039,0.000000,
0.000000,4403635.821741,0.000000,-3055906971049.155273,55603671280.221855,0.000000,3055906971049.155273,55603671280.221855,0.000000,
0.000000,4416915.136450,0.000000,-3066222545374.936523,55270737424.314140,0.000000,3066222545374.936523,55270737424.314140,0.000000,
0.000000,4430194.457236,0.000000,-3076538063560.024902,54937802556.497658,0.000000,3076538063560.024902,54937802556.497658,0.000000,
0.000000,4443473.784002,0.000000,-3086853525979.777344,54604866692.942688,0.000000,3086853525979.777344,54604866692.942688,0.000000,
0.000000,4456753.116652,0.000000,-3097168933005.770508,54271929849.564766,0.000000,3097168933005.770508,54271929849.564766,0.000000,
0.000000,4470032.455093,0.000000,-3107484285005.907227,53938992042.028419,0.000000,3107484285005.907227,53938992042.028419,0.000000,
0.000000,4483311.799230,0.000000,-3117799582344.419922,53606053285.752075,0.000000,3117799582344.419922,53606053285.752075,0.000000,
0.000000,4496591.148975,0.000000,-3128114825381.942871,53273113595.912338,0.000000,3128114825381.942871,53273113595.912338,0.000000,
0.000000,4509870.504236,0.000000,-3138430014475.589844,52940172987.448524,0.000000,3138430014475.589844,52940172987.448524,0.000000,
0.000000,4523149.864925,0.000000,-3148745149978.911133,52607231475.066780,0.000000,3148745149978.911133,52607231475.066780,0.000000,
0.000000,4536429.230956,0.000000,-3159060232242.039062,52274289073.243950,0.000000,3159060232242.039062,52274289073.243950,0.000000,
0.000000,4549708.602243,0.000000,-3169375261611.653809,51941345796.232300,0.000000,3169375261611.653809,51941345796.232300,0.000000,
0.000000,4562987.978702,0.000000,-3179690238431.104492,51608401658.063240,0.000000,3179690238431.104492,51608401658.063240,0.000000,
0.000000,4576267.360249,0.000000,-3190005163040.344727,51275456672.551025,0.000000,3190005163040.344727,51275456672.551025,0.000000,
0.000000,4589546.746803,0.000000,-3200320035776.102051,50942510853.297028,0.000000,3200320035776.102051,50942510853.297028,0.000000,
0.000000,4602826.138284,0.000000,-3210634856971.836426,50609564213.692886,0.000000,3210634856971.836426,50609564213.692886,0.000000,
0.000000,4616105.534612,0.000000,-3220949626957.793945,50276616766.924728,0.000000,3220949626957.793945,50276616766.924728,0.000000,
0.000000,4629384.935709,0.000000,-3231264346061.095703,49943668525.976631,0.000000,3231264346061.095703,49943668525.976631,0.000000,
0.000000,4642664.341499,0.000000,-3241579014605.702637,49610719503.633987,0.000000,3241579014605.702637,49610719503.633987,0.000000,
0.000000,4655943.751907,0.000000,-3251893632912.510742,49277769712.487289,0.000000,3251893632912.510742,49277769712.487289,0.000000,
0.000000,4669223.166856,0.000000,-3262208201299.375488,48944819164.935066,0.000000,3262208201299.375488,48944819164.935066,0.000000,
0.000000,4682502.586275,0.000000,-3272522720081.116699,48611867873.187561,0.000000,3272522720081.116699,48611867873.187561,0.000000,
0.000000,4695782.010091,0.000000,-3282837189569.638184,48278915849.270134,0.000000,3282837189569.638184,48278915849.270134,0.000000,
0.000000,4709061.438232,0.000000,-3293151610073.867676,47945963105.025841,0.000000,3293151610073.867676,47945963105.025841,0.000000,
0.000000,4722340.870630,0.000000,-3303465981899.880859,47613009652.119133,0.000000,3303465981899.880859,47613009652.119133,0.000000,
0.000000,4735620.307214,0.000000,-3313780305350.835938,47280055502.038857,0.000000,3313780305350.835938,47280055502.038857,0.000000,
0.000000,4748899.747917,0.000000,-3324094580727.122559,46947100666.101112,0.000000,3324094580727.122559,46947100666.101112,0.000000,
0.000000,4762179.192673,0.000000,-3334408808326.324707,46614145155.452385,0.000000,3334408808326.324707,46614145155.452385,0.000000,
0.000000,4775458.641414,0.000000,-3344722988443.266602,46281188981.071632,0.000000,3344722988443.266602,46281188981.071632,0.000000,
0.000000,4788738.094076,0.000000,-3355037121370.081543,45948232153.774330,0.000000,3355037121370.081543,45948232153.774330,0.000000,
0.000000,4802017.550595,0.000000,-3365351207396.189941,45615274684.214447,0.000000,3365351207396.189941,45615274684.214447,0.000000,
0.000000,4815297.010908,0.000000,-3375665246808.349609,45282316582.887756,0.000000,3375665246808.349609,45282316582.887756,0.000000,
0.000000,4828576.474954,0.000000,-3385979239890.718262,44949357860.133766,0.000000,3385979239890.718262,44949357860.133766,0.000000,
0.000000,4841855.942670,0.000000,-3396293186924.876953,44616398526.139030,0.000000,3396293186924.876953,44616398526.139030,0.000000,
0.000000,4855135.413996,0.000000,-3406607088189.828613,44283438590.939224,0.000000,3406607088189.828613,44283438590.939224,0.000000,
0.000000,4868414.888874,0.000000,-3416920943962.040039,43950478064.422249,0.000000,3416920943962.040039,43950478064.422249,0.000000,
0.000000,4881694.367244,0.000000,-3427234754515.493164,43617516956.329826,0.000000,3427234754515.493164,43617516956.329826,0.000000,
0.000000,4894973.849049,0.000000,-3437548520121.714355,43284555276.260612,0.000000,3437548520121.714355,43284555276.260612,0.000000,
0.000000,4908253.334232,0.000000,-3447862241049.786133,42951593033.672256,0.000000,3447862241049.786133,42951593033.672256,0.000000,
0.000000,4921532.822738,0.000000,-3458175917566.376465,42618630237.884361,0.000000,3458175917566.376465,42618630237.884361,0.000000,
0.000000,4934812.314510,0.000000,-3468489549935.779785,42285666898.079498,0.000000,3468489549935.779785,42285666898.079498,0.000000,
0.000000,4948091.809496,0.000000,-3478803138419.949219,41952703023.306931,0.000000,3478803138419.949219,41952703023.306931,0.000000,
0.000000,4961371.307640,0.000000,-3489116683278.482910,41619738622.483688,0.000000,3489116683278.482910,41619738622.483688,0.000000,
0.000000,4974650.808891,0.000000,-3499430184768.703125,41286773704.397415,0.000000,3499430184768.703125,41286773704.397415,0.000000,
0.000000,4987930.313196,0.000000,-3509743643145.685547,40953808277.707802,0.000000,3509743643145.685547,40953808277.707802,0.000000,
0.000000,5001209.820505,0.000000,-3520057058662.223145,40620842350.949432,0.000000,3520057058662.223145,40620842350.949432,0.000000,
0.000000,5014489.330766,0.000000,-3530370431568.928711,40287875932.533463,0.000000,3530370431568.928711,40287875932.533463,0.000000,
0.000000,5027768.843929,0.000000,-3540683762114.190918,39954909030.749710,0.000000,3540683762114.190918,39954909030.749710,0.000000,
0.000000,5041048.359947,0.000000,-3550997050544.262695,39621941653.768425,0.000000,3550997050544.262695,39621941653.768425,0.000000,
0.000000,5054327.878770,0.000000,-3561310297103.236328,39288973809.642151,0.000000,3561310297103.236328,39288973809.642151,0.000000,
0.000000,5067607.400351,0.000000,-3571623502033.103516,38956005506.308159,0.000000,3571623502033.103516,38956005506.308159,0.000000,
0.000000,5080886.924642,0.000000,-3581936665573.755371,38623036751.589615,0.000000,3581936665573.755371,38623036751.589615,0.000000,
0.000000,5094166.451598,0.000000,-3592249787963.019043,38290067553.198036,0.000000,3592249787963.019043,38290067553.198036,0.000000,
0.000000,5107445.981173,0.000000,-3602562869436.681641,37957097918.734718,0.000000,3602562869436.681641,37957097918.734718,0.000000,
0.000000,5120725.513321,0.000000,-3612875910228.505859,37624127855.692375,0.000000,3612875910228.505859,37624127855.692375,0.000000,
0.000000,5134005.047999,0.000000,-3623188910570.265625,37291157371.457481,0.000000,3623188910570.265625,37291157371.457481,0.000000,
0.000000,5147284.585163,0.000000,-3633501870691.754395,36958186473.311188,0.000000,3633501870691.754395,36958186473.311188,0.000000,
0.000000,5160564.124769,0.000000,-3643814790820.819336,36625215168.431503,0.000000,3643814790820.819336,36625215168.431503,0.000000,
0.000000,5173843.666775,0.000000,-3654127671183.365723,36292243463.894722,0.000000,3654127671183.365723,36292243463.894722,0.000000,
0.000000,5187123.211140,0.000000,-3664440512003.403809,35959271366.676979,0.000000,3664440512003.403809,35959271366.676979,0.000000,
0.000000,5200402.757822,0.000000,-3674753313503.040527,35626298883.656113,0.000000,3674753313503.040527,35626298883.656113,0.000000,
0.000000,5213682.306779,0.000000,-3685066075902.540527,35293326021.612930,0.000000,3685066075902.540527,35293326021.612930,0.000000,
0.000000,5226961.857973,0.000000,-3695378799420.311035,34960352787.232834,0.000000,3695378799420.311035,34960352787.232834,0.000000,
0.000000,5240241.411363,0.000000,-3705691484272.930664,34627379187.107208,0.000000,3705691484272.930664,34627379187.107208,0.000000,
0.000000,5253520.966911,0.000000,-3716004130675.186523,34294405227.734814,0.000000,3716004130675.186523,34294405227.734814,0.000000,
0.000000,5266800.524578,0.000000,-3726316738840.067383,33961430915.523903,0.000000,3726316738840.067383,33961430915.523903,0.000000,
0.000000,5280080.084325,0.000000,-3736629308978.819336,33628456256.792809,0.000000,3736629308978.819336,33628456256.792809,0.000000,
0.000000,5293359.646116,0.000000,-3746941841300.914551,33295481257.771454,0.000000,3746941841300.914551,33295481257.771454,0.000000,
0.000000,5306639.209914,0.000000,-3757254336014.127930,32962505924.603233,0.000000,3757254336014.127930,32962505924.603233,0.000000,
0.000000,5319918.775682,0.000000,-3767566793324.495117,32629530263.345871,0.000000,3767566793324.495117,32629530263.345871,0.000000,
0.000000,5333198.343385,0.000000,-3777879213436.399414,32296554279.972919,0.000000,3777879213436.399414,32296554279.972919,0.000000,
0.000000,5346477.912987,0.000000,-3788191596552.534180,31963577980.375004,0.000000,3788191596552.534180,31963577980.375004,0.000000,
0.000000,5359757.484453,0.000000,-3798503942873.934570,31630601370.361027,0.000000,3798503942873.934570,31630601370.361027,0.000000,
0.000000,5373037.057748,0.000000,-3808816252600.029297,31297624455.659657,0.000000,3808816252600.029297,31297624455.659657,0.000000,
0.000000,5386316.632840,0.000000,-3819128525928.607910,30964647241.920166,0.000000,3819128525928.607910,30964647241.920166,0.000000,
0.000000,5399596.209694,0.000000,-3829440763055.863770,30631669734.714157,0.000000,3829440763055.863770,30631669734.714157,0.000000,
0.000000,5412875.788277,0.000000,-3839752964176.409668,30298691939.536324,0.000000,3839752964176.409668,30298691939.536324,0.000000,
0.000000,5426155.368557,0.000000,-3850065129483.306152,29965713861.805599,0.000000,3850065129483.306152,29965713861.805599,0.000000,
0.000000,5439434.950502,0.000000,-3860377259168.053711,29632735506.866756,0.000000,3860377259168.053711,29632735506.866756,0.000000,
0.000000,5452714.534080,0.000000,-3870689353420.610840,29299756879.990940,0.000000,3870689353420.610840,29299756879.990940,0.000000,
